album,name,length,rating
Rock Doido,Essa Noite Eu Vou Pro Rock,0 days 00:01:13,2
Rock Doido,Arrume-se Comigo,0 days 00:01:20,4
Rock Doido,Short Beira Cu,0 days 00:02:16,4
Rock Doido,Mamãe Mandou,0 days 00:01:28,3
Rock Doido,Te Amo Fudido,0 days 00:02:43,2
Rock Doido,Não Vou Chorar,0 days 00:02:25,1
Rock Doido,Interlúdio Égua Mana,0 days 00:00:36,-1
Rock Doido,Dá‑Lhe Sal,0 days 00:01:53,4
Rock Doido,Tumbalatum,0 days 00:02:24,3
Rock Doido,Viciada Em Seduzir,0 days 00:02:07,1
Rock Doido,Eu Tô Solteira,0 days 00:01:08,1
Rock Doido,Foguinho,0 days 00:01:22,1
Rock Doido,Abraço,0 days 00:01:37,2
Rock Doido,Interlúdio Rock Doido,0 days 00:00:30,-1
Rock Doido,Crina Negra,0 days 00:01:42,3
Rock Doido,BBBBBBB,0 days 00:01:52,3
Rock Doido,Cerveja Voadora,0 days 00:01:38,3
Rock Doido,Parararurau,0 days 00:01:39,2
Rock Doido,Bonito Feio,0 days 00:02:28,2
Rock Doido,Carregador De Aparelhagem,0 days 00:00:54,3
Rock Doido,Rock Doido É Meu Lugar,0 days 00:00:51,2
Rock Doido,Deixa,0 days 00:02:34,2
Let God Sort Em Out,The Birds Don't Sing,0 days 00:04:00,2
Let God Sort Em Out,Chains & Whips,0 days 00:04:03,3
Let God Sort Em Out,P.O.V.,0 days 00:04:18,3
Let God Sort Em Out,So Be It,0 days 00:03:14,4
Let God Sort Em Out,Ace Trumpets,0 days 00:02:34,3
Let God Sort Em Out,All Things Considered,0 days 00:03:09,4
Let God Sort Em Out,M.T.B.T.T.F.,0 days 00:02:36,3
Let God Sort Em Out,E.B.I.T.D.A.,0 days 00:01:59,4
Let God Sort Em Out,F.I.C.O.,0 days 00:03:21,2
Let God Sort Em Out,Inglorious Bastards,0 days 00:02:33,1
Let God Sort Em Out,So Far Ahead,0 days 00:03:22,2
Let God Sort Em Out,Let God Sort Em Out/ Chandeliers,0 days 00:02:32,2
Let God Sort Em Out,By the Grace of God,0 days 00:03:06,1
I Lay Down My Life For You,I Scream This In The Mirror Before I Interact With Anyone,0 days 00:01:48,1
I Lay Down My Life For You,Sin Miedo,0 days 00:02:46,3
I Lay Down My Life For You,I'll Be Right There,0 days 00:02:48,5
I Lay Down My Life For You,It's Dark And Hell Is Hot,0 days 00:02:30,4
I Lay Down My Life For You,New Black History,0 days 00:02:16,2
I Lay Down My Life For You,Don't Rely On Other Men,0 days 00:02:51,3
I Lay Down My Life For You,Vulgar Display Of Power,0 days 00:02:52,2
I Lay Down My Life For You,Exmilitary,0 days 00:05:01,3
I Lay Down My Life For You,Jihad Joe,0 days 00:02:14,1
I Lay Down My Life For You,Jpegultra!,0 days 00:04:51,3
I Lay Down My Life For You,Either On Or Off The Drugs,0 days 00:02:20,5
I Lay Down My Life For You,Loop It And Leave It,0 days 00:02:00,3
I Lay Down My Life For You,Don't Put Anything On The Bible,0 days 00:04:04,4
I Lay Down My Life For You,I Recovered From This,0 days 00:02:55,5
Spectre,We’ll Be Right Back,0 days 00:04:22,4
Spectre,Call Out,0 days 00:04:55,4
Spectre,シンプルラブ,0 days 00:03:30,3
Spectre,光の記憶,0 days 00:02:53,3
Spectre,Deja Vu,0 days 00:03:42,2
Spectre,Clap！,0 days 00:03:33,2
Spectre,Spectre,0 days 00:04:15,1
Spectre,シグレドキ,0 days 00:03:36,2
Spectre,クラゲ,0 days 00:03:41,4
Spectre,Blue Moon,0 days 00:04:16,5
Spectre,ラストシーン,0 days 00:05:00,3
De Todas Las Flores,Vine Solita,0 days 00:06:26,5
De Todas Las Flores,De Todas Las Flores,0 days 00:05:22,4
De Todas Las Flores,Pasan Los Días,0 days 00:06:43,3
De Todas Las Flores,Llévame Viento,0 days 00:06:25,3
De Todas Las Flores,El Lugar Correcto,0 days 00:03:51,5
De Todas Las Flores,Pajarito Colibrí,0 days 00:05:08,5
De Todas Las Flores,María La Curandera,0 days 00:06:13,5
De Todas Las Flores,Caminar Bonito,0 days 00:03:57,4
De Todas Las Flores,Mi Manera De Querer,0 days 00:03:53,3
De Todas Las Flores,Muerte,0 days 00:05:49,2
De Todas Las Flores,Canta La Arena,0 days 00:06:02,4
De Todas Las Flores,Que Te Vaya Bonito Nicolás,0 days 00:06:47,5
Hellfire,Hellfire,0 days 00:01:24,3
Hellfire,Sugar/Tzu,0 days 00:03:50,3
Hellfire,Eat Men Eat,0 days 00:03:08,2
Hellfire,Welcome To Hell,0 days 00:04:09,4
Hellfire,Still,0 days 00:05:46,3
Hellfire,Half Time,0 days 00:00:26,-1
Hellfire,The Race Is About To Begin,0 days 00:07:15,3
Hellfire,Dangerous Liaisons,0 days 00:04:14,3
Hellfire,The Defence,0 days 00:02:59,3
Hellfire,27 Questions,0 days 00:05:43,3
YHLQMDLG,Si Veo A Tu Mamá,0 days 00:02:51,5
YHLQMDLG,La Difícil,0 days 00:02:43,5
YHLQMDLG,Pero Ya No,0 days 00:02:41,2
YHLQMDLG,La Santa,0 days 00:03:26,4
YHLQMDLG,Yo Perreo Sola,0 days 00:02:52,3
YHLQMDLG,Bichiyal,0 days 00:03:17,4
YHLQMDLG,Soliá,0 days 00:02:39,1
YHLQMDLG,La Zona,0 days 00:02:17,4
YHLQMDLG,Que Malo,0 days 00:02:48,4
YHLQMDLG,Vete,0 days 00:03:12,2
YHLQMDLG,Ignorantes,0 days 00:03:31,1
YHLQMDLG,A Tu Merced,0 days 00:02:56,4
YHLQMDLG,Una Vez,0 days 00:03:52,1
YHLQMDLG,Safaera,0 days 00:04:55,5
YHLQMDLG,25/8,0 days 00:04:03,2
YHLQMDLG,Está Cabrón Ser Yo,0 days 00:03:48,2
YHLQMDLG,Puesto Pa' Guerrial,0 days 00:03:10,1
YHLQMDLG,P FKN R,0 days 00:04:18,1
YHLQMDLG,Hablamos Mañana,0 days 00:04:00,2
YHLQMDLG,<3,0 days 00:02:38,3
Windswept Adan,Prologue,0 days 00:04:55,4
Windswept Adan,Pilgrimage,0 days 00:03:48,5
Windswept Adan,Porcelain,0 days 00:04:29,4
Windswept Adan,Horo,0 days 00:01:58,4
Windswept Adan,Easter Lily,0 days 00:03:16,5
Windswept Adan,Parfum d'étoiles,0 days 00:02:52,5
Windswept Adan,Kirinaki Shima,0 days 00:01:27,4
Windswept Adan,Sagu Palm's Song,0 days 00:03:57,5
Windswept Adan,Chinuhaji,0 days 00:01:52,4
Windswept Adan,Chi no Kaze,0 days 00:03:47,5
Windswept Adan,Hagupit,0 days 00:02:58,4
Windswept Adan,Dawn In The Adan,0 days 00:04:45,5
Windswept Adan,Ohayashi,0 days 00:03:44,4
Windswept Adan,Luminescent Creatures,0 days 00:06:07,5
MAGDALENE,Thousand Eyes,0 days 00:05:00,5
MAGDALENE,Home With You,0 days 00:03:44,3
MAGDALENE,Sad Day,0 days 00:04:15,2
MAGDALENE,Holy Terrain,0 days 00:04:03,2
MAGDALENE,Mary Magdalene,0 days 00:05:21,3
MAGDALENE,Fallen Alien,0 days 00:03:58,3
MAGDALENE,Mirrored Heart,0 days 00:04:32,4
MAGDALENE,Daybed,0 days 00:04:31,3
MAGDALENE,Cellophane,0 days 00:03:24,5
Serotonin II,Your Shadow,0 days 00:01:18,2
Serotonin II,Poison Arrow,0 days 00:04:20,3
Serotonin II,Eva,0 days 00:03:35,3
Serotonin II,See You Space Cowboy,0 days 00:01:15,-1
Serotonin II,Pixel Affection,0 days 00:03:39,3
Serotonin II,Nuclear War Post IV,0 days 00:00:50,-1
Serotonin II,Pocky Boy,0 days 00:04:01,2
Serotonin II,Pretty Bones,0 days 00:04:33,3
Serotonin II,Reverie,0 days 00:04:44,2
Serotonin II,Blue Butterfly,0 days 00:03:53,2
Serotonin II,An Angel Held Me Like A Child,0 days 00:04:22,3
Serotonin II,Veil of Darkness,0 days 00:04:54,1
Die Lit,Long Time (Intro),0 days 00:03:32,5
Die Lit,R.I.P.,0 days 00:03:12,5
Die Lit,Lean 4 Real,0 days 00:02:57,4
Die Lit,Old Money,0 days 00:02:16,3
Die Lit,Love Hurts,0 days 00:03:01,1
Die Lit,Shoota,0 days 00:02:34,2
Die Lit,Right Now,0 days 00:03:27,3
Die Lit,Poke It Out,0 days 00:04:30,4
Die Lit,Home (KOD),0 days 00:02:42,3
Die Lit,Fell in Luv,0 days 00:03:26,4
Die Lit,Foreign,0 days 00:02:23,5
Die Lit,Pull Up,0 days 00:03:36,2
Die Lit,Mileage,0 days 00:02:30,3
Die Lit,FlatBed Freestyle,0 days 00:03:14,5
Die Lit,No Time,0 days 00:03:39,3
Die Lit,Middle of the Summer,0 days 00:02:17,2
Die Lit,Choppa Won't Miss,0 days 00:03:38,3
Die Lit,R.I.P. Fredo (Notice Me),0 days 00:02:41,4
Die Lit,Top,0 days 00:02:13,3
Those Who Throw Objects At The Crocodiles Will Be Asked To Retrieve Them,Poem (1),0 days 00:00:27,-1
Those Who Throw Objects At The Crocodiles Will Be Asked To Retrieve Them,Spaceway 70,0 days 00:07:19,4
Those Who Throw Objects At The Crocodiles Will Be Asked To Retrieve Them,Problem Number 6,0 days 00:04:37,5
Those Who Throw Objects At The Crocodiles Will Be Asked To Retrieve Them,Valley In The Ocean,0 days 00:06:45,5
Those Who Throw Objects At The Crocodiles Will Be Asked To Retrieve Them,Anywhere In Spacetime,0 days 00:07:00,4
Those Who Throw Objects At The Crocodiles Will Be Asked To Retrieve Them,Poem (2),0 days 00:00:25,-1
Those Who Throw Objects At The Crocodiles Will Be Asked To Retrieve Them,Because It's Hard To Develop That Capacity On Your Own,0 days 00:02:04,3
Those Who Throw Objects At The Crocodiles Will Be Asked To Retrieve Them,Galaxy,0 days 00:08:42,5
Those Who Throw Objects At The Crocodiles Will Be Asked To Retrieve Them,Ya Ya Breathe,0 days 00:13:03,4
Those Who Throw Objects At The Crocodiles Will Be Asked To Retrieve Them,Lachrymose,0 days 00:03:06,4
Who Really Cares,Taking What's Not Yours,0 days 00:03:25,3
Who Really Cares,Song About Me,0 days 00:04:03,4
Who Really Cares,Cigarettes Out The Window,0 days 00:03:18,2
Who Really Cares,Till You Tell Me To Leave,0 days 00:03:18,3
Who Really Cares,Not Allowed,0 days 00:02:47,5
Who Really Cares,(Do The) Act Like You Never Met Me,0 days 00:04:14,5
Who Really Cares,Safe Word,0 days 00:03:36,3
Who Really Cares,For You,0 days 00:03:35,3
Who Really Cares,Loving Machine,0 days 00:03:47,5
Who Really Cares,Heaven Is A Bedroom,0 days 00:04:38,2
新しい日の誕生,恢复,0 days 00:05:51,4
新しい日の誕生,遠くの愛好家,0 days 00:06:18,5
新しい日の誕生,新宿ゴールデン街,0 days 00:08:51,4
新しい日の誕生,ふわっと,0 days 00:06:36,5
新しい日の誕生,悲哀,0 days 00:09:23,5
新しい日の誕生,真実の恋,0 days 00:07:12,4
新しい日の誕生,テレパシー,0 days 00:10:08,4
新しい日の誕生,新しい日の誕生,0 days 00:13:04,4
To Pimp A Butterfly,Wesley's Theory,0 days 00:04:47,3
To Pimp A Butterfly,For Free? (Interlude),0 days 00:02:10,3
To Pimp A Butterfly,King Kunta,0 days 00:03:54,4
To Pimp A Butterfly,Institutionalized,0 days 00:04:31,3
To Pimp A Butterfly,These Walls,0 days 00:05:00,5
To Pimp A Butterfly,U,0 days 00:04:28,5
To Pimp A Butterfly,Alright,0 days 00:03:39,5
To Pimp A Butterfly,For Sale? (Interlude),0 days 00:04:51,3
To Pimp A Butterfly,Momma,0 days 00:04:43,5
To Pimp A Butterfly,Hood Politics,0 days 00:04:52,3
To Pimp A Butterfly,How Much A Dollar Cost,0 days 00:04:21,4
To Pimp A Butterfly,Complexion (A Zulu Love),0 days 00:04:23,2
To Pimp A Butterfly,The Blacker The Berry,0 days 00:05:28,5
To Pimp A Butterfly,You Ain't Gotta Lie (Momma Said),0 days 00:04:01,2
To Pimp A Butterfly,I,0 days 00:05:36,1
To Pimp A Butterfly,Mortal Man,0 days 00:12:07,5
Wlfgrl,Mg1,0 days 00:00:46,4
Wlfgrl,Ionic Funk (20XXX Battle Music),0 days 00:04:34,3
Wlfgrl,Krystle,0 days 00:03:36,4
Wlfgrl,Ginger Claps,0 days 00:03:04,3
Wlfgrl,Ghost,0 days 00:03:05,4
Wlfgrl,Frenesi,0 days 00:02:06,5
Wlfgrl,"Out By 16, Dead on the Scene",0 days 00:02:30,3
Wlfgrl,Post Rave Maximalist,0 days 00:02:28,3
Wlfgrl,Phase Alpha,0 days 00:01:31,2
Wlfgrl,Freewill,0 days 00:05:04,4
Wlfgrl,Excruciating Deth,0 days 00:04:53,5
Wlfgrl,Hidden Power,0 days 00:08:39,5
Wlfgrl,Mg2,0 days 00:01:06,3
Love & Sex,Fronteo,0 days 00:03:23,2
Love & Sex,Choca,0 days 00:03:40,3
Love & Sex,Pa'l Piso,0 days 00:04:05,1
Love & Sex,Fanática Sensual,0 days 00:04:00,4
Love & Sex,El Matadero,0 days 00:03:54,2
Love & Sex,No Quiero Que Te Vayas,0 days 00:03:46,2
Love & Sex,Mi Vecinita,0 days 00:03:02,3
Love & Sex,Juegas Con Mi Mente,0 days 00:03:17,2
Love & Sex,Donde Los Consigo?,0 days 00:04:24,1
Love & Sex,Soy Y Seré,0 days 00:03:35,1
Love & Sex,Coquetea,0 days 00:02:46,4
Love & Sex,Zapatito Roto,0 days 00:03:48,3
Love & Sex,Dame Una Noche,0 days 00:04:13,1
Love & Sex,Candy,0 days 00:03:27,5
Love & Sex,Satiro,0 days 00:04:08,2
Love & Sex,Love And Sex,0 days 00:04:03,1
Bloom,Myth,0 days 00:04:19,5
Bloom,Wild,0 days 00:04:58,4
Bloom,Lazuli,0 days 00:05:02,5
Bloom,Other People,0 days 00:04:25,3
Bloom,The Hours,0 days 00:04:12,3
Bloom,Troublemaker,0 days 00:04:56,5
Bloom,New Year,0 days 00:05:26,4
Bloom,Wishes,0 days 00:04:47,5
Bloom,On The Sea,0 days 00:05:32,5
Bloom,Irene,0 days 00:16:57,3
Exmilitary,Beware,0 days 00:05:52,3
Exmilitary,Guillotine,0 days 00:03:43,5
Exmilitary,Spread Eagle Cross The Block,0 days 00:03:51,4
Exmilitary,Lord Of The Game,0 days 00:03:30,3
Exmilitary,Takyon (Death Yon),0 days 00:02:48,5
Exmilitary,Cut Throat (Instrumental),0 days 00:01:12,4
Exmilitary,Klink,0 days 00:03:22,5
Exmilitary,Culture Shock,0 days 00:04:20,2
Exmilitary,5D,0 days 00:00:43,3
Exmilitary,Thru The Walls,0 days 00:03:55,4
Exmilitary,Known For It,0 days 00:04:12,3
Exmilitary,I Want It I Need It (Death Heated),0 days 00:06:10,5
Exmilitary,Blood Creepin,0 days 00:04:50,2
Minecraft: Volume Alpha,Key,0 days 00:01:05,3
Minecraft: Volume Alpha,Door,0 days 00:01:51,2
Minecraft: Volume Alpha,Subwoofer Lullaby,0 days 00:03:28,5
Minecraft: Volume Alpha,Death,0 days 00:00:41,1
Minecraft: Volume Alpha,Living Mice,0 days 00:02:57,4
Minecraft: Volume Alpha,Moog City,0 days 00:02:40,4
Minecraft: Volume Alpha,Haggstrom,0 days 00:03:24,5
Minecraft: Volume Alpha,Minecraft,0 days 00:04:14,3
Minecraft: Volume Alpha,Oxygène,0 days 00:01:05,2
Minecraft: Volume Alpha,Équinoxe,0 days 00:01:54,3
Minecraft: Volume Alpha,Mice On Venus,0 days 00:04:41,5
Minecraft: Volume Alpha,Dry Hands,0 days 00:01:08,5
Minecraft: Volume Alpha,Wet Hands,0 days 00:01:30,5
Minecraft: Volume Alpha,Clark,0 days 00:03:11,3
Minecraft: Volume Alpha,Chris,0 days 00:01:27,4
Minecraft: Volume Alpha,Thirteen,0 days 00:02:56,1
Minecraft: Volume Alpha,Excuse,0 days 00:02:04,4
Minecraft: Volume Alpha,Sweden,0 days 00:03:35,3
Minecraft: Volume Alpha,Cat,0 days 00:03:06,4
Minecraft: Volume Alpha,Dog,0 days 00:02:25,4
Minecraft: Volume Alpha,Danny,0 days 00:04:14,5
Minecraft: Volume Alpha,Beginning,0 days 00:01:42,4
Minecraft: Volume Alpha,Droopy Likes Ricochet,0 days 00:01:36,4
Minecraft: Volume Alpha,Droopy Likes Your Face,0 days 00:02:07,4
收斂水,關鍵字 (Intro),0 days 00:01:54,3
收斂水,Hit The Rhyme,0 days 00:03:54,4
收斂水,嘶! Bamboo Holla,0 days 00:03:20,3
收斂水,鄉愁,0 days 00:04:32,3
收斂水,關於小熊,0 days 00:05:15,5
收斂水,給你一個吻 (Skit),0 days 00:01:39,2
收斂水,遇見,0 days 00:03:52,5
收斂水,Start It Underground,0 days 00:04:39,1
收斂水,金賭爛,0 days 00:04:31,2
收斂水,煙霧瀰漫 (Jazzy Remix),0 days 00:04:00,3
收斂水,熱水澡,0 days 00:03:01,3
收斂水,收斂水,0 days 00:03:41,5
收斂水,SL Beat- 137 (Outro),0 days 00:01:24,3
收斂水,煙霧瀰漫 (Bonus),0 days 00:04:04,1
ランプ幻想,儚き春の一幕,0 days 00:05:26,4
ランプ幻想,密やかに,0 days 00:02:53,5
ランプ幻想,夕暮れ,0 days 00:05:31,4
ランプ幻想,雨降る夜の向こう,0 days 00:05:11,5
ランプ幻想,ゆめうつつ,0 days 00:05:15,5
ランプ幻想,白昼夢,0 days 00:04:02,4
ランプ幻想,日本少年の夏,0 days 00:05:56,5
ランプ幻想,二十歳の恋,0 days 00:03:13,5
ランプ幻想,冬の影は哀しみ,0 days 00:03:12,5
ランプ幻想,エンド・オブ・ ア・ホリデヰ,0 days 00:04:52,4
ランプ幻想,ア・サマア・ バケイション,0 days 00:04:23,4
Sound of Silver,Get Innocuous!,0 days 00:07:11,3
Sound of Silver,Time To Get Away,0 days 00:04:11,3
Sound of Silver,North American Scum,0 days 00:05:25,4
Sound of Silver,Someone Great,0 days 00:06:25,5
Sound of Silver,All My Friends,0 days 00:07:37,5
Sound of Silver,Us V Them,0 days 00:08:29,4
Sound of Silver,Watch The Tapes,0 days 00:03:55,3
Sound of Silver,Sound Of Silver,0 days 00:07:07,2
Sound of Silver,"New York, I Love You But You're Bringing Me Down",0 days 00:05:35,3
From Here We Go Sublime,Over The Ice,0 days 00:06:56,3
From Here We Go Sublime,A Paw In My Face,0 days 00:05:24,3
From Here We Go Sublime,Good Things End,0 days 00:06:08,3
From Here We Go Sublime,The Little Heart Beats So Fast,0 days 00:05:25,3
From Here We Go Sublime,Everyday,0 days 00:06:59,4
From Here We Go Sublime,Silent,0 days 00:07:35,3
From Here We Go Sublime,The Deal,0 days 00:10:03,3
From Here We Go Sublime,Sun & Ice,0 days 00:06:34,3
From Here We Go Sublime,Mobilia,0 days 00:06:28,3
From Here We Go Sublime,From Here We Go Sublime,0 days 00:04:09,3
Cansei De Ser Sexy,CSS Suxxx,0 days 00:01:56,1
Cansei De Ser Sexy,Patins,0 days 00:02:18,2
Cansei De Ser Sexy,Alala,0 days 00:03:58,4
Cansei De Ser Sexy,Let's Make Love And Listen To Death From Above,0 days 00:03:31,4
Cansei De Ser Sexy,Art Bitch,0 days 00:03:09,1
Cansei De Ser Sexy,Fuckoff Is Not The Only Thing You Have To Show,0 days 00:04:02,2
Cansei De Ser Sexy,Meeting Paris Hilton,0 days 00:03:11,3
Cansei De Ser Sexy,Off The Hook,0 days 00:02:40,3
Cansei De Ser Sexy,Alcohol,0 days 00:02:49,3
Cansei De Ser Sexy,"Music Is My Hot, Hot Sex",0 days 00:03:07,3
Cansei De Ser Sexy,"This Month, Day 10",0 days 00:03:57,2
Dulce Beat,Niño,0 days 00:03:29,4
Dulce Beat,Rosa Pastel,0 days 00:03:06,4
Dulce Beat,Soñar,0 days 00:03:52,5
Dulce Beat,Mírame,0 days 00:03:04,5
Dulce Beat,Miedo,0 days 00:03:33,2
Dulce Beat,Escena Final,0 days 00:03:25,5
Dulce Beat,Por Ti,0 days 00:03:35,4
Dulce Beat,Tal Vez,0 days 00:02:58,4
Dulce Beat,Me Pregunto,0 days 00:03:05,5
Dulce Beat,Sexy,0 days 00:03:04,1
Dulce Beat,Te Quedas O Te Vas,0 days 00:03:42,5
The Campfire Headphase,Into The Rainbow Vein,0 days 00:00:44,-1
The Campfire Headphase,Chromakey Dreamcoat,0 days 00:05:47,3
The Campfire Headphase,Satellite Anthem Icarus,0 days 00:06:04,2
The Campfire Headphase,Peacock Tail,0 days 00:05:24,3
The Campfire Headphase,Dayvan Cowboy,0 days 00:05:00,2
The Campfire Headphase,A Moment Of Clarity,0 days 00:00:51,2
The Campfire Headphase,'84 Pontiac Dream,0 days 00:03:49,2
The Campfire Headphase,Sherbet Head,0 days 00:02:41,2
The Campfire Headphase,Oscar See Through Red Eye,0 days 00:05:08,3
The Campfire Headphase,Ataronchronon,0 days 00:01:14,2
The Campfire Headphase,Hey Saturday Sun,0 days 00:04:56,2
The Campfire Headphase,Constants Are Changing,0 days 00:01:42,4
The Campfire Headphase,Slow This Bird Down,0 days 00:06:09,3
The Campfire Headphase,Tears From The Compound Eye,0 days 00:04:03,5
The Campfire Headphase,Farewell Fire,0 days 00:08:26,3
Arular,Ba-na-na Skit,0 days 00:00:36,2
Arular,Pull Up The People,0 days 00:03:45,5
Arular,Bucky Done Gun,0 days 00:03:47,5
Arular,Sunshowers,0 days 00:03:15,4
Arular,Fire Fire,0 days 00:03:28,3
Arular,Dash The Curry Skit,0 days 00:00:40,3
Arular,Amazon,0 days 00:04:16,3
Arular,Bingo,0 days 00:03:12,1
Arular,Hombre,0 days 00:04:02,3
Arular,One For The Head Skit,0 days 00:00:29,2
Arular,10 Dollar,0 days 00:04:01,3
Arular,U.R.A.Q.T.,0 days 00:02:55,1
Arular,Galang,0 days 00:03:32,5
Arular,M.I.A.,0 days 00:03:29,3
In The Heart Of The Moon,Debe,0 days 00:04:55,4
In The Heart Of The Moon,Kala,0 days 00:05:06,3
In The Heart Of The Moon,Mamadou Boutiquier,0 days 00:05:04,3
In The Heart Of The Moon,Monsieur Le Maire De Niafunké,0 days 00:03:58,4
In The Heart Of The Moon,Kaira,0 days 00:06:24,2
In The Heart Of The Moon,Simbo,0 days 00:04:00,3
In The Heart Of The Moon,Ai Ga Bani,0 days 00:04:34,4
In The Heart Of The Moon,Soumbou Ya Ya,0 days 00:03:30,3
In The Heart Of The Moon,Naweye Toro,0 days 00:04:23,4
In The Heart Of The Moon,Kadi Kadi,0 days 00:03:21,2
In The Heart Of The Moon,Gomni,0 days 00:04:17,3
In The Heart Of The Moon,Hawa Dolo,0 days 00:05:00,4
MM..FOOD,Beef Rapp,0 days 00:04:39,4
MM..FOOD,Hoe Cakes,0 days 00:03:54,5
MM..FOOD,Potholderz,0 days 00:03:20,4
MM..FOOD,One Beer,0 days 00:04:18,5
MM..FOOD,Deep Fried Frenz,0 days 00:04:56,5
MM..FOOD,Poo-Putt Platter,0 days 00:01:13,3
MM..FOOD,Fillet-O-Rapper,0 days 00:01:53,3
MM..FOOD,Gumbo,0 days 00:00:50,3
MM..FOOD,Fig Leaf Bi-Carbonate,0 days 00:03:19,3
MM..FOOD,Kon Karne,0 days 00:02:51,5
MM..FOOD,Guinnessez,0 days 00:04:41,4
MM..FOOD,Kon Queso,0 days 00:04:00,4
MM..FOOD,Rapp Snitch Knishes,0 days 00:02:52,4
MM..FOOD,Vomitspit,0 days 00:02:48,5
MM..FOOD,Kookies,0 days 00:04:10,4
恋人へ (For Lovers),恋人へ (For Lovers),0 days 00:01:15,4
恋人へ (For Lovers),ひろがるなみだ (HIROGARU-NAMIDA),0 days 00:04:34,4
恋人へ (For Lovers),最終列車は25時 (Last Train at 25 O'Clock),0 days 00:04:23,5
恋人へ (For Lovers),日曜日のお別れ (Out on Sunny Sunday),0 days 00:05:06,5
恋人へ (For Lovers),明日になれば僕は (Tomorrow Come I Will),0 days 00:03:51,4
恋人へ (For Lovers),雨のメッセージ (Rainy Tapestry),0 days 00:05:26,4
恋人へ (For Lovers),愛の言葉 (Words of Love),0 days 00:03:46,4
恋人へ (For Lovers),恋は月の蔭に (Behind the Moon Shadow),0 days 00:05:09,4
Cocktail,Barco De Papel,0 days 00:04:50,3
Cocktail,Aún Así Te Vas,0 days 00:04:13,4
Cocktail,What A Shame,0 days 00:05:03,5
Cocktail,Fragilidad,0 days 00:03:44,2
Cocktail,Tranquilo,0 days 00:03:55,3
Cocktail,Y...,0 days 00:04:00,4
Cocktail,Apaga La Luz,0 days 00:04:00,3
Cocktail,Tus Ojos,0 days 00:03:03,5
Cocktail,Suele Pasar,0 days 00:03:08,4
Cocktail,Arena,0 days 00:07:07,3
Sí,Lento,0 days 00:04:03,5
Sí,Andar Conmigo,0 days 00:03:17,5
Sí,Algo Está Cambiando,0 days 00:04:04,5
Sí,A Tu Lado,0 days 00:03:21,4
Sí,Lo Que Pidas,0 days 00:03:21,3
Sí,Mala Memoria,0 days 00:03:06,3
Sí,Nada Serio,0 days 00:03:52,3
Sí,Donde Quiero Estar,0 days 00:03:05,4
Sí,Alguien,0 days 00:03:44,3
Sí,Oleada,0 days 00:03:14,4
The Two EPs,Tempo De Amor,0 days 00:04:26,3
The Two EPs,Consolaçaõ,0 days 00:04:28,2
The Two EPs,Bocoché,0 days 00:02:47,4
The Two EPs,Canto De Iemanjá,0 days 00:06:05,2
The Two EPs,Canto Do Caboclo Pedra Preta,0 days 00:05:36,4
The Two EPs,Summer Rain,0 days 00:04:14,4
The Two EPs,Orixá & Iemanja,0 days 00:02:00,1
The Two EPs,Blue Glasses,0 days 00:04:28,2
The Two EPs,Nzage,0 days 00:04:42,1
The Two EPs,Ocean In Your Eyes,0 days 00:03:59,3
Velocity : Design : Comfort,Tekka,0 days 00:03:08,3
Velocity : Design : Comfort,Dsco,0 days 00:03:11,4
Velocity : Design : Comfort,Velocity,0 days 00:08:34,5
Velocity : Design : Comfort,Fruitcake And Cookies,0 days 00:07:58,5
Velocity : Design : Comfort,Sept,0 days 00:08:26,5
Velocity : Design : Comfort,Pro : Lov : Ad,0 days 00:05:46,4
Velocity : Design : Comfort,Design : 1,0 days 00:03:32,4
Velocity : Design : Comfort,International,0 days 00:10:22,5
Velocity : Design : Comfort,Dedicated,0 days 00:05:50,5
Velocity : Design : Comfort,Chocolate Matter,0 days 00:04:03,3
Velocity : Design : Comfort,"To All The Dancers Of The World, A Round Form Of Fantasy",0 days 00:06:18,5
Velocity : Design : Comfort,Design : 2 : 3,0 days 00:06:17,4
Melancholia,Melancholia I,0 days 00:03:25,3
Melancholia,Melancholia II,0 days 00:06:50,5
Melancholia,Melancholia III,0 days 00:01:54,4
Melancholia,Melancholia IV,0 days 00:04:14,4
Melancholia,Melancholia V,0 days 00:01:12,3
Melancholia,Melancholia VI,0 days 00:02:16,4
Melancholia,Melancholia VII,0 days 00:02:26,3
Melancholia,Melancholia VIII,0 days 00:03:07,3
Melancholia,Melancholia IX,0 days 00:03:35,3
Melancholia,Melancholia X,0 days 00:01:07,4
Melancholia,Melancholia XI,0 days 00:01:17,5
Melancholia,Melancholia XII,0 days 00:07:09,5
Melancholia,Melancholia XIII,0 days 00:02:00,5
Melancholia,Melancholia XIV,0 days 00:06:03,4
Geogaddi,Ready Lets Go,0 days 00:00:57,3
Geogaddi,Music Is Math,0 days 00:05:21,4
Geogaddi,Beware The Friendly Stranger,0 days 00:00:40,4
Geogaddi,Gyroscope,0 days 00:03:32,5
Geogaddi,Dandelion,0 days 00:01:14,3
Geogaddi,Sunshine Recorder,0 days 00:06:12,3
Geogaddi,In The Annexe,0 days 00:01:22,3
Geogaddi,Julie And Candy,0 days 00:05:34,4
Geogaddi,The Smallest Weird Number,0 days 00:01:13,3
Geogaddi,1969,0 days 00:04:20,4
Geogaddi,Energy Warning,0 days 00:00:35,2
Geogaddi,The Beach At Redpoint,0 days 00:04:18,5
Geogaddi,Opening The Mouth,0 days 00:01:11,3
Geogaddi,Alpha And Omega,0 days 00:07:02,4
Geogaddi,I Saw Drones,0 days 00:00:27,2
Geogaddi,The Devil Is In The Details,0 days 00:03:56,3
Geogaddi,A Is To B As B Is To C,0 days 00:01:37,3
Geogaddi,Over The Horizon Radar,0 days 00:01:08,5
Geogaddi,Dawn Chorus,0 days 00:03:56,5
Geogaddi,Diving Station,0 days 00:01:25,3
Geogaddi,You Could Feel The Sky,0 days 00:05:15,3
Geogaddi,Corsair,0 days 00:02:48,4
Geogaddi,Magic Window,0 days 00:01:52,1
Drukqs,Jynweythek,0 days 00:02:23,3
Drukqs,Vordhosbn,0 days 00:04:51,4
Drukqs,Kladfvgbung Micshk,0 days 00:02:06,2
Drukqs,Omgyjya-Switch7,0 days 00:04:52,3
Drukqs,Strotha Tynhe,0 days 00:02:12,3
Drukqs,Gwely Mernans,0 days 00:05:08,4
Drukqs,Bbydhyonchord,0 days 00:02:33,5
Drukqs,Cock/Ver10,0 days 00:05:18,5
Drukqs,Avril 14th,0 days 00:02:05,4
Drukqs,Mt Saint Michel + St Michaels Mount,0 days 00:08:10,4
Drukqs,Gwarek2,0 days 00:06:46,1
Drukqs,Orban Eq Trx4,0 days 00:01:35,2
Drukqs,Aussois,0 days 00:00:13,1
Drukqs,Hy A Scullyas Lyf A Dhagrow,0 days 00:02:14,2
Drukqs,Kesson Dalef,0 days 00:01:21,4
Drukqs,54 Cymru Beats,0 days 00:06:06,5
Drukqs,Btoum-Roumada,0 days 00:01:58,2
Drukqs,Lornaderek,0 days 00:00:31,1
Drukqs,QKThr,0 days 00:01:27,5
Drukqs,Meltphace 6,0 days 00:06:24,5
Drukqs,Bit 4,0 days 00:00:25,1
Drukqs,Prep Gwarlek 3b,0 days 00:01:19,1
Drukqs,Father,0 days 00:00:57,1
Drukqs,Taking Control,0 days 00:07:14,3
Drukqs,Petiatil Cx Htdui,0 days 00:02:11,4
Drukqs,Ruglen Holon,0 days 00:01:49,2
Drukqs,Afx237 V.7,0 days 00:04:23,5
Drukqs,Ziggomatic 17,0 days 00:08:35,3
Drukqs,Beskhu3epnm,0 days 00:02:10,2
Drukqs,Nanou 2,0 days 00:03:25,5
Vespertine,Hidden Place,0 days 00:05:29,4
Vespertine,Cocoon,0 days 00:04:28,5
Vespertine,It's Not Up To You,0 days 00:05:08,4
Vespertine,Undo,0 days 00:05:38,4
Vespertine,Pagan Poetry,0 days 00:05:14,5
Vespertine,Frosti,0 days 00:01:41,4
Vespertine,Aurora,0 days 00:04:39,4
Vespertine,An Echo A Stain,0 days 00:04:04,3
Vespertine,Sun In My Mouth,0 days 00:02:40,4
Vespertine,Heirloom,0 days 00:05:12,3
Vespertine,Harm Of Will,0 days 00:04:36,3
Vespertine,Unison,0 days 00:06:47,5
Discovery,One More Time,0 days 00:05:21,4
Discovery,Aerodynamic,0 days 00:03:27,5
Discovery,Digital Love,0 days 00:04:58,3
Discovery,"Harder, Better, Faster, Stronger",0 days 00:03:43,5
Discovery,Crescendolls,0 days 00:03:28,5
Discovery,Nightvision,0 days 00:01:43,4
Discovery,Superheroes,0 days 00:03:57,4
Discovery,High Life,0 days 00:03:13,4
Discovery,Something About Us,0 days 00:03:50,4
Discovery,Voyager,0 days 00:03:46,5
Discovery,Veridis Quo,0 days 00:05:44,5
Discovery,Short Circuit,0 days 00:03:24,3
Discovery,Face To Face,0 days 00:03:58,5
Discovery,Too Long,0 days 00:10:00,5
Is This It,Is This It,0 days 00:02:35,5
Is This It,The Modern Age,0 days 00:03:32,4
Is This It,Soma,0 days 00:02:37,5
Is This It,Barely Legal,0 days 00:03:58,4
Is This It,Someday,0 days 00:03:07,5
Is This It,"Alone, Together",0 days 00:03:12,4
Is This It,Last Nite,0 days 00:03:17,5
Is This It,Hard To Explain,0 days 00:03:47,5
Is This It,When It Started,0 days 00:03:36,4
Is This It,Trying Your Luck,0 days 00:03:27,4
Is This It,Take It Or Leave It,0 days 00:03:16,3
Since I Left You,Since I Left You,0 days 00:04:20,4
Since I Left You,Stay Another Season,0 days 00:02:20,5
Since I Left You,Radio,0 days 00:04:21,5
Since I Left You,Two Hearts In 3/4 Time,0 days 00:03:22,4
Since I Left You,Avalanche Rock,0 days 00:00:23,3
Since I Left You,Flight Tonight,0 days 00:03:52,3
Since I Left You,Close To You,0 days 00:03:55,5
Since I Left You,Diners Only,0 days 00:01:34,3
Since I Left You,A Different Feeling,0 days 00:04:23,3
Since I Left You,Electricity,0 days 00:03:29,5
Since I Left You,Tonight May Have To Last Me All My Life,0 days 00:02:19,4
Since I Left You,Pablo's Cruise,0 days 00:00:52,-1
Since I Left You,Frontier Psychiatrist,0 days 00:04:48,5
Since I Left You,ETOH,0 days 00:05:02,5
Since I Left You,Summer Crane,0 days 00:04:38,4
Since I Left You,Little Journey,0 days 00:01:36,3
Since I Left You,Live At Dominoes,0 days 00:05:38,5
Since I Left You,Extra Kings,0 days 00:03:42,3
Voodoo,Playa Playa,0 days 00:07:07,2
Voodoo,Devil's Pie,0 days 00:05:21,2
Voodoo,Left & Right,0 days 00:04:46,2
Voodoo,The Line,0 days 00:05:15,2
Voodoo,Send It On,0 days 00:05:57,5
Voodoo,Chicken Grease,0 days 00:04:36,3
Voodoo,One Mo'Gin,0 days 00:06:15,3
Voodoo,The Root,0 days 00:06:33,3
Voodoo,Spanish Joint,0 days 00:05:44,5
Voodoo,Feel Like Makin' Love,0 days 00:06:22,5
Voodoo,Greatdayndamornin' / 	Booty,0 days 00:07:35,3
Voodoo,Untitled (How Does It Feel),0 days 00:07:10,5
Voodoo,Africa,0 days 00:06:13,4
The Moon & Antarctica,3rd Planet,0 days 00:03:58,3
The Moon & Antarctica,Gravity Rides Everything,0 days 00:04:19,5
The Moon & Antarctica,Dark Center Of The Universe,0 days 00:05:02,3
The Moon & Antarctica,Perfect Disguise,0 days 00:02:41,4
The Moon & Antarctica,Tiny Cities Made Of Ashes,0 days 00:03:41,4
The Moon & Antarctica,A Different City,0 days 00:03:08,3
The Moon & Antarctica,The Cold Part,0 days 00:05:00,4
The Moon & Antarctica,Alone Down There,0 days 00:02:21,2
The Moon & Antarctica,The Stars Are Projectors,0 days 00:08:46,5
The Moon & Antarctica,Wild Packs Of Family Dogs,0 days 00:01:45,4
The Moon & Antarctica,Paper Thin Walls,0 days 00:03:01,4
The Moon & Antarctica,I Came As A Rat,0 days 00:03:48,3
The Moon & Antarctica,Lives,0 days 00:03:18,5
The Moon & Antarctica,Life Like Weeds,0 days 00:06:30,3
The Moon & Antarctica,What People Are Made Of,0 days 00:02:14,2
American Football,Never Meant,0 days 00:04:28,5
American Football,The Summer Ends,0 days 00:04:46,5
American Football,Honestly?,0 days 00:06:10,3
American Football,For Sure.,0 days 00:03:16,5
American Football,You Know I Should Be Leaving Soon,0 days 00:03:43,3
American Football,But The Regrets Are Killing Me,0 days 00:03:54,3
American Football,I'll See You When We're Both Not So Emotional,0 days 00:03:42,3
American Football,Stay Home,0 days 00:08:10,4
American Football,The One With The Wurlitzer,0 days 00:02:43,4
ファンファーレ,メトロ,0 days 00:04:05,5
ファンファーレ,Solaris,0 days 00:03:29,4
ファンファーレ,シトラス (Album Mix),0 days 00:04:33,5
ファンファーレ,真昼,0 days 00:05:32,5
ファンファーレ,カタクリの花,0 days 00:02:33,3
ファンファーレ,Smile Again,0 days 00:04:50,5
ファンファーレ,グッバイ (Album Mix),0 days 00:03:36,3
ファンファーレ,8月のボサ,0 days 00:02:48,3
ファンファーレ,So,0 days 00:06:04,4
ファンファーレ,Armond,0 days 00:03:57,5
Stereotype A,Working For Vacation,0 days 00:03:15,2
Stereotype A,Spoon,0 days 00:04:05,3
Stereotype A,Flowers,0 days 00:02:57,3
Stereotype A,Lint Of Love,0 days 00:06:08,1
Stereotype A,Moonchild,0 days 00:05:11,4
Stereotype A,Sci-Fi Wasabi,0 days 00:03:41,1
Stereotype A,Clouds,0 days 00:03:26,2
Stereotype A,Speechless,0 days 00:04:31,3
Stereotype A,King Of Silence,0 days 00:04:53,4
Stereotype A,Blue Train,0 days 00:05:21,1
Stereotype A,"Sunday, Pt.1",0 days 00:03:19,3
Stereotype A,"Sunday, Pt.2",0 days 00:03:36,2
Stereotype A,Stone,0 days 00:03:17,4
Stereotype A,Mortming,0 days 00:03:09,1
98.12.28 男達の別れ,Oh Slime,0 days 00:07:53,5
98.12.28 男達の別れ,ナイトクルージング,0 days 00:06:25,5
98.12.28 男達の別れ,なんてったの,0 days 00:06:26,5
98.12.28 男達の別れ,Thank You,0 days 00:04:07,4
98.12.28 男達の別れ,幸せ者,0 days 00:04:05,5
98.12.28 男達の別れ,頼りない天使,0 days 00:04:53,4
98.12.28 男達の別れ,ひこうき,0 days 00:07:06,5
98.12.28 男達の別れ,In The Flight,0 days 00:08:56,5
98.12.28 男達の別れ,Walking In The Rhythm,0 days 00:07:44,5
98.12.28 男達の別れ,"Smilin' Days, Summer Holiday",0 days 00:04:57,4
98.12.28 男達の別れ,Melody,0 days 00:05:49,5
98.12.28 男達の別れ,ゆらめき In The Air,0 days 00:15:57,5
98.12.28 男達の別れ,いかれたBaby,0 days 00:05:38,5
98.12.28 男達の別れ,Long Season,0 days 00:41:25,5
Quiet Will,Ava's Gardener,0 days 00:05:01,3
Quiet Will,"I Play in the Temple, He Prays in the Yard",0 days 00:03:19,3
Quiet Will,Where is She?,0 days 00:03:48,4
Quiet Will,Metamorphosis,0 days 00:04:13,4
Quiet Will,Memory of the Future,0 days 00:04:40,3
Quiet Will,Blue Bird Bewildered,0 days 00:04:17,5
Quiet Will,Omnipresence,0 days 00:04:31,5
Quiet Will,Quiet Will,0 days 00:04:04,5
Music Has The Rights To Children,Wildlife Analysis,0 days 00:01:17,3
Music Has The Rights To Children,An Eagle In Your Mind,0 days 00:06:23,3
Music Has The Rights To Children,The Color Of The Fire,0 days 00:01:45,3
Music Has The Rights To Children,Telephasic Workshop,0 days 00:06:35,5
Music Has The Rights To Children,Triangles And Rhombuses,0 days 00:01:50,4
Music Has The Rights To Children,Sixtyten,0 days 00:05:48,5
Music Has The Rights To Children,Turquoise Hexagon Sun,0 days 00:05:07,3
Music Has The Rights To Children,Kaini Industries,0 days 00:00:59,2
Music Has The Rights To Children,Bocuma,0 days 00:01:35,4
Music Has The Rights To Children,Roygbiv,0 days 00:02:31,5
Music Has The Rights To Children,Rue The Whirl,0 days 00:06:39,2
Music Has The Rights To Children,Aquarius,0 days 00:05:58,5
Music Has The Rights To Children,Olson,0 days 00:01:31,5
Music Has The Rights To Children,Pete Standing Alone,0 days 00:06:07,4
Music Has The Rights To Children,Smokes Quantity,0 days 00:03:07,3
Music Has The Rights To Children,Open The Light,0 days 00:04:25,5
Music Has The Rights To Children,One Very Important Thought,0 days 00:01:14,2
Music Has The Rights To Children,Happy Cycling,0 days 00:07:56,5
Stratosphere,Moon Age,0 days 00:01:06,2
Stratosphere,Heading For The Door,0 days 00:03:08,3
Stratosphere,Gold Dust,0 days 00:02:06,4
Stratosphere,Topical Solution,0 days 00:05:01,4
Stratosphere,Docking The Pod,0 days 00:01:50,1
Stratosphere,The Landing,0 days 00:02:43,3
Stratosphere,"Echo, Bravo",0 days 00:04:32,2
Stratosphere,Constellations,0 days 00:03:43,5
Stratosphere,The Queen Of Hearts,0 days 00:04:19,4
Stratosphere,Two Way Radio,0 days 00:00:19,-1
Stratosphere,Inside Out,0 days 00:02:21,5
Stratosphere,Stratosphere,0 days 00:06:57,2
Stratosphere,Reed To Hillsborough,0 days 00:04:01,3
Stratosphere,Shadows Of Planes,0 days 00:01:50,4
Stratosphere,Earth Moon Transit,0 days 00:01:50,4
Stratosphere,The Twins / Romantica,0 days 00:03:43,4
Stratosphere,Sideria,0 days 00:01:47,-1
唱遊(Chàngyóu),感情生活,0 days 00:05:18,4
唱遊(Chàngyóu),臉,0 days 00:03:32,4
唱遊(Chàngyóu),色誡,0 days 00:04:57,4
唱遊(Chàngyóu),半途而廢,0 days 00:03:33,4
唱遊(Chàngyóu),飛,0 days 00:05:43,5
唱遊(Chàngyóu),祢,0 days 00:04:25,4
唱遊(Chàngyóu),小聰明,0 days 00:04:03,5
唱遊(Chàngyóu),醒不來,0 days 00:04:06,4
唱遊(Chàngyóu),紅豆,0 days 00:04:15,2
唱遊(Chàngyóu),童,0 days 00:04:40,5
唱遊(Chàngyóu),原諒自己,0 days 00:03:41,3
唱遊(Chàngyóu),償還,0 days 00:04:18,2
唱遊(Chàngyóu),情誡,0 days 00:04:17,3
Clandestino,Clandestino,0 days 00:02:30,4
Clandestino,Desaparecido,0 days 00:03:47,5
Clandestino,Bongo Bong,0 days 00:02:38,5
Clandestino,Je Ne T'Aime Plus,0 days 00:02:02,4
Clandestino,Mentira...,0 days 00:04:37,1
Clandestino,Lagrimas De Oro,0 days 00:02:57,4
Clandestino,Mama Call,0 days 00:02:21,5
Clandestino,Luna Y Sol,0 days 00:03:07,3
Clandestino,Por El Suelo,0 days 00:02:21,4
Clandestino,Welcome To Tijuana,0 days 00:04:04,3
Clandestino,Dia Luna... Dia Pena,0 days 00:01:30,4
Clandestino,Malegria,0 days 00:02:55,3
Clandestino,La Vie À 2,0 days 00:03:00,3
Clandestino,Minha Galera,0 days 00:02:21,3
Clandestino,La Despedida,0 days 00:03:09,2
Clandestino,El Viento,0 days 00:02:26,3
Halica: Bliss Out v.11,Fish,0 days 00:11:14,4
Halica: Bliss Out v.11,Pulse,0 days 00:10:05,3
Halica: Bliss Out v.11,Follow Me,0 days 00:06:43,2
Halica: Bliss Out v.11,Come To Me,0 days 00:07:12,2
Halica: Bliss Out v.11,Starlife,0 days 00:03:47,3
Halica: Bliss Out v.11,Traces,0 days 00:07:35,3
Halica: Bliss Out v.11,Jelly Charm,0 days 00:08:35,4
Dots And Loops,Brakhage,0 days 00:05:13,4
Dots And Loops,Miss Modular,0 days 00:04:29,5
Dots And Loops,The Flower Called Nowhere,0 days 00:04:55,4
Dots And Loops,Diagonals,0 days 00:05:15,5
Dots And Loops,Prisoner Of Mars,0 days 00:04:03,4
Dots And Loops,Rainbo Conversation,0 days 00:04:46,5
Dots And Loops,Refractions In The Plastic Pulse,0 days 00:17:32,5
Dots And Loops,Parsec,0 days 00:05:34,5
Dots And Loops,Ticker-Tape Of The Unconscious,0 days 00:04:46,5
Dots And Loops,Contronatura,0 days 00:09:04,4
Homogenic,Hunter,0 days 00:04:15,3
Homogenic,Jóga,0 days 00:05:05,2
Homogenic,Unravel,0 days 00:03:22,4
Homogenic,Bachelorette,0 days 00:05:13,4
Homogenic,All Neon Like,0 days 00:05:53,2
Homogenic,5 Years,0 days 00:04:29,3
Homogenic,Immature,0 days 00:03:06,2
Homogenic,Alarm Call,0 days 00:04:20,2
Homogenic,Pluto,0 days 00:03:19,2
Homogenic,All Is Full Of Love,0 days 00:04:33,1
Ser Hümano!!,Ser Humano,0 days 00:01:56,2
Ser Hümano!!,Ser Humano N°2,0 days 00:02:38,4
Ser Hümano!!,El Juego Verdadero,0 days 00:03:12,5
Ser Hümano!!,Clavo y Martilleo,0 days 00:03:20,2
Ser Hümano!!,Sombras Chinescas,0 days 00:03:51,4
Ser Hümano!!,Dos Corazones,0 days 00:03:34,4
Ser Hümano!!,Inteploración (Pacto Con Las Ánimas),0 days 00:01:10,4
Ser Hümano!!,Corsario Universal,0 days 00:03:50,3
Ser Hümano!!,Viaje Sin Rumbo,0 days 00:03:39,5
Ser Hümano!!,Chupacabras,0 days 00:03:50,5
Ser Hümano!!,"Nuestra Fiesta (Okupa, Segura Y No Molesta)",0 days 00:02:07,2
Ser Hümano!!,Melaza,0 days 00:03:00,5
Ser Hümano!!,Opyo,0 days 00:04:05,2
Ser Hümano!!,Bebedor,0 days 00:03:10,3
Ser Hümano!!,Leyenda Negra,0 days 00:05:59,3
Ser Hümano!!,Combo 10,0 days 00:03:16,4
宇宙 日本 世田谷,Pokka Pokka,0 days 00:04:04,5
宇宙 日本 世田谷,Weather Report,0 days 00:08:38,5
宇宙 日本 世田谷,うしろ姿,0 days 00:05:12,4
宇宙 日本 世田谷,In The Flight,0 days 00:05:36,5
宇宙 日本 世田谷,Magic Love,0 days 00:04:55,2
宇宙 日本 世田谷,バックビートにの っかって,0 days 00:08:26,4
宇宙 日本 世田谷,Walking In The Rhythm,0 days 00:12:55,5
宇宙 日本 世田谷,Daydream,0 days 00:08:37,5
Homework,Daftendirekt,0 days 00:02:44,4
Homework,WDPK 83.7 FM,0 days 00:00:28,2
Homework,Revolution 909,0 days 00:05:26,4
Homework,Da Funk,0 days 00:05:28,5
Homework,Phœnix,0 days 00:04:55,3
Homework,Fresh,0 days 00:04:03,3
Homework,Around The World,0 days 00:07:07,5
Homework,Rollin' & Scratchin',0 days 00:07:26,3
Homework,Teachers,0 days 00:02:52,4
Homework,High Fidelity,0 days 00:06:00,3
Homework,Rock'n Roll,0 days 00:07:32,2
Homework,Oh Yeah,0 days 00:02:00,3
Homework,Burnin',0 days 00:06:53,3
Homework,Indo Silver Club,0 days 00:04:32,4
Homework,Alive,0 days 00:05:15,2
Homework,Funk Ad,0 days 00:00:50,1
Endtroducing…..,Best Foot Forward,0 days 00:00:49,-1
Endtroducing…..,Building Steam With A Grain Of Salt,0 days 00:06:40,5
Endtroducing…..,The Number Song,0 days 00:04:40,5
Endtroducing…..,Changeling,0 days 00:07:17,3
Endtroducing…..,Transmission 1,0 days 00:00:35,-1
Endtroducing…..,What Does Your Soul Look Like (Part 4),0 days 00:05:02,4
Endtroducing…..,Untitled,0 days 00:00:24,-1
Endtroducing…..,Stem/Long Stem,0 days 00:07:48,5
Endtroducing…..,Transmission 2,0 days 00:01:29,4
Endtroducing…..,Mutual Slump,0 days 00:04:00,3
Endtroducing…..,Organ Donor,0 days 00:01:57,4
Endtroducing…..,Why Hip Hop Sucks In '96,0 days 00:00:43,4
Endtroducing…..,Midnight In A Perfect World,0 days 00:04:57,5
Endtroducing…..,Napalm Brain/Scatter Brain,0 days 00:09:21,4
Endtroducing…..,What Does Your Soul Look Like (Part 1 - Blue Sky Revisit),0 days 00:06:17,3
Endtroducing…..,Transmission 3,0 days 00:01:10,-1
浮躁 (Fúzào),無常,0 days 00:02:35,5
浮躁 (Fúzào),浮躁,0 days 00:02:58,5
浮躁 (Fúzào),想像,0 days 00:03:36,4
浮躁 (Fúzào),分裂,0 days 00:04:00,5
浮躁 (Fúzào),不安,0 days 00:02:10,3
浮躁 (Fúzào),哪兒,0 days 00:03:50,4
浮躁 (Fúzào),墮落,0 days 00:03:40,4
浮躁 (Fúzào),掃興,0 days 00:04:08,5
浮躁 (Fúzào),末日,0 days 00:04:00,3
浮躁 (Fúzào),野三坡,0 days 00:03:52,2
Sons of 1973,Best Friend,0 days 00:04:59,4
Sons of 1973,夏の続き,0 days 00:03:54,4
Sons of 1973,"How Much I Love You, Baby",0 days 00:04:51,4
Sons of 1973,"Sunnyday, Holiday",0 days 00:04:45,4
Sons of 1973,空へ,0 days 00:05:48,3
Sons of 1973,外はいい天気,0 days 00:03:36,4
Sons of 1973,Sunshine Love (Lover's Picnic Version),0 days 00:01:53,3
Emperor Tomato Ketchup,Metronomic Underground,0 days 00:07:55,3
Emperor Tomato Ketchup,Cybele's Reverie,0 days 00:04:42,5
Emperor Tomato Ketchup,Percolator,0 days 00:03:47,2
Emperor Tomato Ketchup,Les Yper-Sound,0 days 00:04:05,4
Emperor Tomato Ketchup,Spark Plug,0 days 00:02:29,2
Emperor Tomato Ketchup,OLV 26,0 days 00:05:42,3
Emperor Tomato Ketchup,The Noise Of Carpet,0 days 00:03:05,2
Emperor Tomato Ketchup,Tomorrow Is Already Here,0 days 00:04:56,3
Emperor Tomato Ketchup,Emperor Tomato Ketchup,0 days 00:04:37,5
Emperor Tomato Ketchup,Monstre Sacre,0 days 00:03:44,2
Emperor Tomato Ketchup,Motoroller Scalatron,0 days 00:03:48,3
Emperor Tomato Ketchup,Slow Fast Hazel,0 days 00:03:53,3
Emperor Tomato Ketchup,Anonymous Collective,0 days 00:04:32,2
Tri Repetae,Dael,0 days 00:06:39,2
Tri Repetae,Clipper,0 days 00:08:34,3
Tri Repetae,Leterel,0 days 00:07:08,2
Tri Repetae,Rotar,0 days 00:08:04,2
Tri Repetae,Stud,0 days 00:09:40,3
Tri Repetae,Eutow,0 days 00:04:15,2
Tri Repetae,C/Pach,0 days 00:04:39,2
Tri Repetae,Gnit,0 days 00:05:49,2
Tri Repetae,Overand,0 days 00:07:33,2
Tri Repetae,Rsdio,0 days 00:10:08,2
Re,El Aparato,0 days 00:03:19,4
Re,La Ingrata,0 days 00:03:31,5
Re,El Ciclón,0 days 00:02:53,4
Re,El Borrego,0 days 00:02:06,3
Re,Esa Noche,0 days 00:03:25,4
Re,24 Horas,0 days 00:02:17,4
Re,Ixtepec,0 days 00:03:19,4
Re,Trópico De Cáncer,0 days 00:04:39,4
Re,El Metro,0 days 00:03:44,3
Re,El Fin De La Infancia,0 days 00:02:17,5
Re,Madrugal,0 days 00:01:06,4
Re,Pez,0 days 00:02:18,3
Re,Verde,0 days 00:01:52,4
Re,La Negrita,0 days 00:03:04,5
Re,El Tlatoani Del Barrio,0 days 00:03:25,3
Re,Las Flores,0 days 00:02:14,5
Re,La Pinta,0 days 00:02:47,2
Re,El Baile Y El Salón,0 days 00:05:06,5
Re,El Puñal Y El Corazón,0 days 00:04:19,5
Re,El Balcón,0 days 00:01:38,3
Circus,Bato,0 days 00:04:04,2
Circus,Sembreak,0 days 00:04:04,3
Circus,Alapaap,0 days 00:04:23,4
Circus,"Hey, Jay",0 days 00:04:39,4
Circus,Minsan,0 days 00:04:15,4
Circus,Punk Zappa,0 days 00:00:10,-1
Circus,Insomya,0 days 00:02:03,2
Circus,With A Smile,0 days 00:04:39,4
Circus,Alkohol,0 days 00:02:53,3
Circus,Wishing Wells,0 days 00:03:33,3
Circus,Kailan,0 days 00:03:14,3
Circus,No Royality Album Filler No. 9,0 days 00:01:01,-1
Circus,Magasin,0 days 00:04:10,2
Circus,Butterscotch,0 days 00:04:36,2
Circus,Sa Wakas,0 days 00:02:35,2
Circus,Prof. Banlaoi's Transcendental Medication After Every Six Months Or Punk Zappa Three,0 days 00:01:53,-1
Circus,Wating,0 days 00:04:14,2
Circus,Kailan Lounge,0 days 00:03:18,3
Orange,Intro,0 days 00:00:21,-1
Orange,気分,0 days 00:04:22,3
Orange,忘れちゃう ひととき,0 days 00:05:46,5
Orange,My Life,0 days 00:03:50,2
Orange,Melody,0 days 00:05:46,3
Orange,帰り道,0 days 00:03:10,2
Orange,感謝(驚),0 days 00:05:49,4
Orange,Woofer Girl,0 days 00:05:07,3
Orange,夜の想い,0 days 00:05:41,5
CrazySexyCool,Intro-lude,0 days 00:01:01,-1
CrazySexyCool,Creep,0 days 00:04:29,4
CrazySexyCool,Kick Your Game,0 days 00:04:13,4
CrazySexyCool,Diggin’ On You,0 days 00:04:14,4
CrazySexyCool,Case Of The Fake People,0 days 00:04:03,1
CrazySexyCool,CrazySexyCool - Interlude,0 days 00:01:42,-1
CrazySexyCool,Red Light Special,0 days 00:05:02,5
CrazySexyCool,Waterfalls,0 days 00:04:39,4
CrazySexyCool,Intermission-lude,0 days 00:00:42,-1
CrazySexyCool,Let’s Do It Again,0 days 00:04:17,4
CrazySexyCool,If I Was Your Girlfriend,0 days 00:04:43,3
CrazySexyCool,Sexy - Interlude,0 days 00:01:35,-1
CrazySexyCool,Take Our Time,0 days 00:04:33,3
CrazySexyCool,Can I Get A Witness - Interlude,0 days 00:02:57,-1
CrazySexyCool,Switch,0 days 00:03:30,2
CrazySexyCool,Sumthin’ Wicked This Way Comes,0 days 00:04:30,2
15 Boleros De Oro,Mandato Divino,0 days 00:02:59,4
15 Boleros De Oro,Añorando Tus Besos,0 days 00:03:06,2
15 Boleros De Oro,Sabor De Engaño,0 days 00:03:00,3
15 Boleros De Oro,Sinceramente,0 days 00:02:52,3
15 Boleros De Oro,Que Seas Dichosa,0 days 00:02:30,3
15 Boleros De Oro,Cosas Del Ayer,0 days 00:02:49,4
15 Boleros De Oro,Una Lágrima y Un Recuerdo,0 days 00:02:46,5
15 Boleros De Oro,Desprecio,0 days 00:02:45,3
15 Boleros De Oro,Mi Amigo,0 days 00:02:36,4
15 Boleros De Oro,Un Viejo Amor,0 days 00:02:38,3
15 Boleros De Oro,"Necio, Necio Moriré",0 days 00:02:15,3
15 Boleros De Oro,No Hay Novedad,0 days 00:03:00,5
15 Boleros De Oro,Menos Que Nada,0 days 00:02:40,3
15 Boleros De Oro,Tu Nombre,0 days 00:02:30,2
15 Boleros De Oro,Regalo De Reyes,0 days 00:02:42,2
Selected Ambient Works 85-92,Xtal,0 days 00:04:51,5
Selected Ambient Works 85-92,Tha,0 days 00:09:01,4
Selected Ambient Works 85-92,Pulsewidth,0 days 00:03:47,5
Selected Ambient Works 85-92,Ageispolis,0 days 00:05:21,5
Selected Ambient Works 85-92,I,0 days 00:01:13,4
Selected Ambient Works 85-92,Green Calx,0 days 00:06:02,4
Selected Ambient Works 85-92,Heliosphan,0 days 00:04:51,4
Selected Ambient Works 85-92,We Are The Music Makers,0 days 00:07:42,5
Selected Ambient Works 85-92,Schottkey 7th Path,0 days 00:05:07,2
Selected Ambient Works 85-92,Ptolemy,0 days 00:07:12,5
Selected Ambient Works 85-92,Hedphelym,0 days 00:06:02,3
Selected Ambient Works 85-92,Delphium,0 days 00:05:36,5
Selected Ambient Works 85-92,Actium,0 days 00:07:35,5
El Silencio,Metamorféame,0 days 00:02:44,4
El Silencio,Nubes,0 days 00:04:35,5
El Silencio,Piedra,0 days 00:04:34,5
El Silencio,Tortuga,0 days 00:04:39,5
El Silencio,Nos Vamos Juntos,0 days 00:05:08,3
El Silencio,No Dejes Que...,0 days 00:04:40,4
El Silencio,Hasta Morir,0 days 00:03:45,4
El Silencio,Debajo De Tu Piel,0 days 00:03:31,4
El Silencio,Estás Dormida,0 days 00:03:37,4
El Silencio,Miércoles De Ceniza,0 days 00:04:53,5
El Silencio,El Comunicador,0 days 00:04:57,3
El Silencio,Para Que No Digas Que No Pienso En Ti,0 days 00:03:56,3
El Silencio,Vamos A Hacer Un Silencio,0 days 00:05:16,4
El Silencio,Mariquita,0 days 00:01:56,5
The Low End Theory,Excursions,0 days 00:03:53,4
The Low End Theory,Buggin' Out,0 days 00:03:38,4
The Low End Theory,Rap Promoter,0 days 00:02:13,2
The Low End Theory,Butter,0 days 00:03:39,5
The Low End Theory,Verses From The Abstract,0 days 00:03:59,3
The Low End Theory,Show Business,0 days 00:03:53,3
The Low End Theory,Vibes And Stuff,0 days 00:04:18,5
The Low End Theory,The Infamous Date Rape,0 days 00:02:54,3
The Low End Theory,Check The Rhime,0 days 00:03:36,5
The Low End Theory,Everything Is Fair,0 days 00:02:59,2
The Low End Theory,Jazz (We've Got),0 days 00:04:09,5
The Low End Theory,Skypager,0 days 00:02:13,2
The Low End Theory,What?,0 days 00:02:29,4
The Low End Theory,Scenario,0 days 00:04:10,2
Heaven or Las Vegas,Cherry-coloured Funk,0 days 00:03:13,5
Heaven or Las Vegas,Pitch The Baby,0 days 00:03:17,4
Heaven or Las Vegas,Iceblink Luck,0 days 00:03:18,3
Heaven or Las Vegas,Fifty-fifty Clown,0 days 00:03:15,5
Heaven or Las Vegas,Heaven Or Las Vegas,0 days 00:04:57,4
Heaven or Las Vegas,I Wear Your Ring,0 days 00:03:40,5
Heaven or Las Vegas,Fotzepolitic,0 days 00:03:30,3
Heaven or Las Vegas,Wolf In The Breast,0 days 00:03:32,5
Heaven or Las Vegas,"Road, River And Rail",0 days 00:03:31,3
Heaven or Las Vegas,Frou-frou Foxes In Midsummer Fires,0 days 00:05:37,5
En El Palacio De Bellas Artes,Obertura,0 days 00:04:29,3
En El Palacio De Bellas Artes,Yo Te Perdono,0 days 00:04:09,3
En El Palacio De Bellas Artes,Yo No Nací Para Amar,0 days 00:06:11,2
En El Palacio De Bellas Artes,Amor Del Alma,0 days 00:03:05,3
En El Palacio De Bellas Artes,Ya Lo Sé Que Te Vas,0 days 00:08:04,2
En El Palacio De Bellas Artes,Se Me Olvidó Otra Vez,0 days 00:03:55,4
En El Palacio De Bellas Artes,Me Nace Del Corazón,0 days 00:02:44,3
En El Palacio De Bellas Artes,No Vale La Pena,0 days 00:02:25,4
En El Palacio De Bellas Artes,Inocente Pobre Amigo,0 days 00:05:47,4
En El Palacio De Bellas Artes,Te Lo Pido Por Favor,0 days 00:03:05,5
En El Palacio De Bellas Artes,Amor Eterno,0 days 00:07:07,5
En El Palacio De Bellas Artes,Hasta Que Te Conocí,0 days 00:25:57,5
En El Palacio De Bellas Artes,De Mí Enamórate,0 days 00:04:33,3
En El Palacio De Bellas Artes,Mi Más Bello Amor,0 days 00:03:57,4
En El Palacio De Bellas Artes,Querida,0 days 00:05:36,1
En El Palacio De Bellas Artes,La Más Querida,0 days 00:04:57,4
En El Palacio De Bellas Artes,Ya Lo Pasado Pasado,0 days 00:02:43,5
En El Palacio De Bellas Artes,Viva México,0 days 00:02:54,3
En El Palacio De Bellas Artes,Final,0 days 00:02:23,4
Shahen-Shah,"Shamas-Ud-Doha, Badar-Ud-Doja",0 days 00:11:02,2
Shahen-Shah,"Allah, Mohammed, Char, Yaar",0 days 00:11:28,2
Shahen-Shah,Kali Kali Zulfon Ke Phande Nah Dalo,0 days 00:11:48,2
Shahen-Shah,Meri Ankhon Ko Bakhshe Hain Aansoo,0 days 00:10:52,2
Shahen-Shah,Nit Khair Mansan Sohnia Main Teri,0 days 00:11:50,2
Shahen-Shah,Kehna Ghalat Ghalat To Chhupana Sahi Sahi,0 days 00:11:56,2
3 Feet High and Rising,Intro,0 days 00:01:41,1
3 Feet High and Rising,The Magic Number,0 days 00:03:14,4
3 Feet High and Rising,Change In Speak,0 days 00:02:32,2
3 Feet High and Rising,Cool Breeze On The Rocks,0 days 00:00:37,-1
3 Feet High and Rising,Can U Keep A Secret,0 days 00:01:40,1
3 Feet High and Rising,Jenifa Taught Me (Derwin's Revenge),0 days 00:03:23,3
3 Feet High and Rising,Ghetto Thang,0 days 00:03:34,2
3 Feet High and Rising,Transmitting Live From Mars,0 days 00:01:11,2
3 Feet High and Rising,Eye Know,0 days 00:04:12,5
3 Feet High and Rising,Take It Off,0 days 00:01:52,2
3 Feet High and Rising,A Little Bit Of Soap,0 days 00:00:49,2
3 Feet High and Rising,Tread Water,0 days 00:03:44,5
3 Feet High and Rising,Potholes In My Lawn,0 days 00:03:47,2
3 Feet High and Rising,Say No Go,0 days 00:04:19,5
3 Feet High and Rising,Do As De La Does,0 days 00:02:06,1
3 Feet High and Rising,Plug Tunin' (Last Chance To Comprehend),0 days 00:04:06,3
3 Feet High and Rising,De La Orgee,0 days 00:01:12,1
3 Feet High and Rising,Buddy,0 days 00:04:54,3
3 Feet High and Rising,Description,0 days 00:01:30,2
3 Feet High and Rising,Me Myself And I,0 days 00:03:40,2
3 Feet High and Rising,This Is A Recording 4 Living In A Full Time Era (L.I.F.E.),0 days 00:03:09,3
3 Feet High and Rising,I Can Do Anything (Delacratic),0 days 00:00:40,1
3 Feet High and Rising,D.A.I.S.Y. Age,0 days 00:03:55,1
Caifanes,Matenme Porque Me Muero,0 days 00:03:31,5
Caifanes,Te Estoy Mirando,0 days 00:03:44,3
Caifanes,La Negra Tomasa,0 days 00:07:52,5
Caifanes,Cuéntame Tu Vida,0 days 00:04:23,4
Caifanes,¿Será Por Eso?,0 days 00:03:34,4
Caifanes,Viento,0 days 00:03:57,5
Caifanes,Nunca Me Voy A Transformar En Ti,0 days 00:03:05,4
Caifanes,Perdí Mi Ojo de Venado,0 days 00:04:31,4
Caifanes,Amanece,0 days 00:03:12,4
Caifanes,La Bestia Humana,0 days 00:03:19,3
Caifanes,Nada,0 days 00:04:44,3
Gipsy Kings,Bamboleo,0 days 00:03:25,4
Gipsy Kings,Tu Quieres Volver,0 days 00:03:15,3
Gipsy Kings,Moorea,0 days 00:04:05,4
Gipsy Kings,Bem Bem Maria,0 days 00:03:03,4
Gipsy Kings,Un Amor,0 days 00:03:40,4
Gipsy Kings,Inspiration,0 days 00:03:28,4
Gipsy Kings,A Mi Manera,0 days 00:03:52,5
Gipsy Kings,Djobi Djoba,0 days 00:03:27,4
Gipsy Kings,Faena,0 days 00:03:45,3
Gipsy Kings,Quiero Saber,0 days 00:04:10,4
Gipsy Kings,"Amor, Amor",0 days 00:03:13,4
Gipsy Kings,Duende,0 days 00:04:22,4
Stronger Than Pride,Love Is Stronger Than Pride,0 days 00:04:16,4
Stronger Than Pride,Paradise,0 days 00:04:01,3
Stronger Than Pride,Nothing Can Come Between Us,0 days 00:04:21,2
Stronger Than Pride,Haunt Me,0 days 00:05:48,4
Stronger Than Pride,Turn My Back On You,0 days 00:06:05,2
Stronger Than Pride,Keep Looking,0 days 00:05:20,3
Stronger Than Pride,Clean Heart,0 days 00:03:59,5
Stronger Than Pride,Give It Up,0 days 00:03:49,3
Stronger Than Pride,I Never Thought I'd See The Day,0 days 00:04:12,5
Stronger Than Pride,Siempre Hay Esperanza,0 days 00:05:16,2
Dois,Daniel Na Cova Dos Leões,0 days 00:04:00,4
Dois,Quase Sem Querer,0 days 00:04:42,5
Dois,Acrilic On Canvas,0 days 00:04:40,4
Dois,Eduardo e Mônica,0 days 00:04:32,1
Dois,Central Do Brasil,0 days 00:01:34,3
Dois,Tempo Perdido,0 days 00:05:00,4
Dois,Metrópole,0 days 00:02:50,3
Dois,Plantas Embaixo Do Aquário,0 days 00:02:55,2
Dois,Música Urbana 2,0 days 00:02:42,1
Dois,Andrea Doria,0 days 00:04:58,5
Dois,Fábrica,0 days 00:04:56,4
Dois,Índios,0 days 00:04:23,4
Reality In Love,Reflections,0 days 00:02:10,3
Reality In Love,Colored Air,0 days 00:02:58,3
Reality In Love,Menuet,0 days 00:01:46,4
Reality In Love,Andante,0 days 00:03:10,3
Reality In Love,Impromptu,0 days 00:02:41,3
Reality In Love,Passage,0 days 00:04:13,4
Reality In Love,A Moment,0 days 00:02:06,3
Reality In Love,End Of The Summer,0 days 00:01:48,4
Reality In Love,光と水,0 days 00:04:35,5
Reality In Love,In The Light,0 days 00:04:22,5
Reality In Love,Reflections - Reprise,0 days 00:03:48,5
Promise,Is It A Crime,0 days 00:06:18,5
Promise,The Sweetest Taboo,0 days 00:04:35,3
Promise,War Of The Hearts,0 days 00:06:47,4
Promise,You’re Not The Man,0 days 00:05:10,4
Promise,Jezebel,0 days 00:05:30,5
Promise,Mr Wrong,0 days 00:02:50,3
Promise,Punch Drunk,0 days 00:05:25,4
Promise,Never As Good As The First Time,0 days 00:05:01,3
Promise,Fear,0 days 00:04:05,3
Promise,Tar Baby,0 days 00:03:58,5
Promise,Maureen,0 days 00:04:22,4
Stop Making Sense,Psycho Killer,0 days 00:04:25,4
Stop Making Sense,Heaven,0 days 00:03:41,1
Stop Making Sense,Thank You For Sending Me An Angel,0 days 00:02:10,2
Stop Making Sense,Found A Job,0 days 00:03:15,3
Stop Making Sense,Slippery People,0 days 00:04:01,4
Stop Making Sense,Burning Down The House,0 days 00:04:06,1
Stop Making Sense,Life During Wartime,0 days 00:05:51,4
Stop Making Sense,Making Flippy Floppy,0 days 00:04:40,5
Stop Making Sense,Swamp,0 days 00:04:30,1
Stop Making Sense,What A Day That Was,0 days 00:06:01,4
Stop Making Sense,This Must Be The Place (Naive Melody),0 days 00:04:57,4
Stop Making Sense,Once In A Lifetime,0 days 00:05:25,2
Stop Making Sense,Genius Of Love,0 days 00:04:31,1
Stop Making Sense,Girlfriend Is Better,0 days 00:05:06,3
Stop Making Sense,Take Me To The River,0 days 00:05:33,5
Stop Making Sense,Crosseyed And Painless,0 days 00:06:11,5
Djeli Moussa Diawara,Foté Mogoban,0 days 00:06:32,4
Djeli Moussa Diawara,Haïdara,0 days 00:10:54,4
Djeli Moussa Diawara,Yékèlè,0 days 00:07:46,4
Djeli Moussa Diawara,Yasimika,0 days 00:08:04,4
Luz,Samurai,0 days 00:04:46,5
Luz,Luz,0 days 00:04:05,3
Luz,Nobreza,0 days 00:02:27,2
Luz,Capim,0 days 00:04:16,3
Luz,Sina,0 days 00:05:30,5
Luz,Pétala,0 days 00:04:42,3
Luz,Banho De Rio,0 days 00:04:35,2
Luz,Açaí,0 days 00:04:37,4
Luz,Esfinge,0 days 00:04:17,3
Luz,Minha Irmã,0 days 00:02:05,2
Awakening,Awakening (覚醒),0 days 00:02:29,3
Awakening,You're My Baby,0 days 00:03:45,4
Awakening,Blue And Moody Music,0 days 00:04:32,4
Awakening,Only A Love Affair,0 days 00:04:47,5
Awakening,Love And Peace,0 days 00:04:23,1
Awakening,From Me To You,0 days 00:03:47,3
Awakening,I Can't Wait,0 days 00:04:14,3
Awakening,It Isn't Easy,0 days 00:04:17,4
Awakening,Awakening,0 days 00:03:36,4
Awakening,Say Goodbye,0 days 00:03:23,5
Awakening,Blue And Moody Music (Wendy’s Version),0 days 00:04:44,5
Straight From The Heart,Forget Me Nots,0 days 00:04:42,4
Straight From The Heart,I Was Tired Of Being Alone,0 days 00:03:49,4
Straight From The Heart,All We Need,0 days 00:05:50,3
Straight From The Heart,Number One,0 days 00:04:55,4
Straight From The Heart,Where There Is Love,0 days 00:03:07,2
Straight From The Heart,Breakout!,0 days 00:04:04,1
Straight From The Heart,If Only,0 days 00:03:19,2
Straight From The Heart,Remind Me,0 days 00:05:15,5
Straight From The Heart,(She Will) Take You Down To Love,0 days 00:04:20,1
淡淡幽情,獨上西樓,0 days 00:02:41,3
淡淡幽情,但願人長久,0 days 00:04:02,4
淡淡幽情,幾多愁,0 days 00:03:28,3
淡淡幽情,芳草無情,0 days 00:02:57,5
淡淡幽情,清夜悠悠,0 days 00:02:44,4
淡淡幽情,有誰知我此時情,0 days 00:03:49,4
淡淡幽情,臙脂淚,0 days 00:02:59,5
淡淡幽情,萬葉千聲,0 days 00:03:04,5
淡淡幽情,人約黃昏後,0 days 00:02:41,3
淡淡幽情,相看淚眼,0 days 00:03:43,3
淡淡幽情,欲說還休,0 days 00:02:47,4
淡淡幽情,思君,0 days 00:03:46,3
Remain In Light,Born Under Punches (The Heat Goes On),0 days 00:05:46,5
Remain In Light,Crosseyed And Painless,0 days 00:04:45,5
Remain In Light,The Great Curve,0 days 00:06:26,5
Remain In Light,Once In A Lifetime,0 days 00:04:19,2
Remain In Light,Houses In Motion,0 days 00:04:30,3
Remain In Light,Seen And Not Seen,0 days 00:03:20,4
Remain In Light,Listening Wind,0 days 00:04:42,4
Remain In Light,The Overload,0 days 00:06:00,2
أغنية (Ogneya),الصباح (Matar Al Sabah),0 days 00:04:25,5
أغنية (Ogneya),انتظرني (Entazerni),0 days 00:04:16,5
أغنية (Ogneya),أغنية (Oghneya),0 days 00:06:33,4
أغنية (Ogneya),ادفنوا أمواتكم وانهضوا (Edfeno Amwatakon Wanhadou),0 days 00:03:12,4
أغنية (Ogneya),مطر ناعم في خريف بعيد (Matar Naem),0 days 00:04:43,3
أغنية (Ogneya),لحن لامراتي وبلادي (Lahnon Lemra’ati Wa Beladi),0 days 00:05:15,4
أغنية (Ogneya),الجمعة السادس من يونيو (Juma’a 6 Hziran),0 days 00:04:47,3
La Grasa de las Capitales,La Grasa De Las Capitales,0 days 00:04:27,5
La Grasa de las Capitales,San Francisco Y El Lobo,0 days 00:02:20,4
La Grasa de las Capitales,Perro Andaluz,0 days 00:04:56,5
La Grasa de las Capitales,Frecuencia Modulada,0 days 00:03:17,5
La Grasa de las Capitales,Paranoia Y Soledad,0 days 00:06:42,3
La Grasa de las Capitales,Noche De Perros,0 days 00:06:30,5
La Grasa de las Capitales,"Viernes, 3 AM",0 days 00:04:25,5
La Grasa de las Capitales,Los Sobrevivientes,0 days 00:04:48,4
La Grasa de las Capitales,Canción De Hollywood,0 days 00:04:50,4
Solid State Survivor,Technopolis,0 days 00:04:14,4
Solid State Survivor,Absolute Ego Dance,0 days 00:04:38,4
Solid State Survivor,Rydeen,0 days 00:04:26,4
Solid State Survivor,Castalia,0 days 00:03:30,3
Solid State Survivor,Behind The Mask,0 days 00:03:35,4
Solid State Survivor,Day Tripper,0 days 00:02:39,2
Solid State Survivor,Insomnia,0 days 00:04:57,2
Solid State Survivor,Solid State Survivor,0 days 00:03:55,4
Heart Of The Congos,Fisherman,0 days 00:05:28,5
Heart Of The Congos,Congoman,0 days 00:05:35,4
Heart Of The Congos,Open Up The Gate,0 days 00:04:22,5
Heart Of The Congos,Children Crying,0 days 00:03:54,4
Heart Of The Congos,La La Bam-Bam,0 days 00:03:57,4
Heart Of The Congos,Can't Come In,0 days 00:05:47,3
Heart Of The Congos,Sodom & Gomorrow,0 days 00:04:20,3
Heart Of The Congos,The Wrong Thing,0 days 00:03:00,4
Heart Of The Congos,Ark Of Covenant,0 days 00:03:46,4
Heart Of The Congos,Solid Foundation,0 days 00:04:29,5
"مواصلات إلى جسد الأرض
(Mouasalat ila jacad el ard)",أنا ضمير المتكلم (Ana Damir El Motakallim),0 days 00:11:42,5
"مواصلات إلى جسد الأرض
(Mouasalat ila jacad el ard)",مواصلات إلى جسد الأ (Mouasalat Ila Jacad El Ard),0 days 00:03:27,3
"مواصلات إلى جسد الأرض
(Mouasalat ila jacad el ard)",خبز (Khobs),0 days 00:03:31,5
"مواصلات إلى جسد الأرض
(Mouasalat ila jacad el ard)",لم أزل (Lam Azal),0 days 00:03:36,3
"مواصلات إلى جسد الأرض
(Mouasalat ila jacad el ard)",عاد (Ada),0 days 00:04:58,2
"مواصلات إلى جسد الأرض
(Mouasalat ila jacad el ard)",يوما كنا (Yawma Konna),0 days 00:04:34,3
"مواصلات إلى جسد الأرض
(Mouasalat ila jacad el ard)",انتظرني (Intazirne),0 days 00:03:13,3
Cartola,O Mundo É Um Moinho,0 days 00:03:58,5
Cartola,Minha,0 days 00:02:21,5
Cartola,Sala De Recepção,0 days 00:03:29,3
Cartola,Não Posso Viver Sem Ela,0 days 00:02:45,3
Cartola,Preciso Me Encontrar,0 days 00:03:01,5
Cartola,Peito Vazio,0 days 00:02:56,5
Cartola,Aconteceu,0 days 00:02:50,3
Cartola,As Rosas Não Falam,0 days 00:02:56,4
Cartola,Sei Chorar,0 days 00:02:30,4
Cartola,Ensaboa,0 days 00:03:26,5
Cartola,Senhora Tentação,0 days 00:03:08,2
Cartola,Cordas De Aço,0 days 00:02:19,5
I Want You,I Want You (Vocal),0 days 00:04:35,5
I Want You,Come Live With Me Angel,0 days 00:06:28,4
I Want You,After The Dance (Instrumental),0 days 00:04:21,3
I Want You,Feel All My Love Inside,0 days 00:03:23,3
I Want You,I Wanna Be Where You Are,0 days 00:01:17,4
I Want You,I Want You (Intro Jam),0 days 00:00:20,-1
I Want You,All The Way Around,0 days 00:03:45,5
I Want You,Since I Had You,0 days 00:04:05,3
I Want You,Soon I’ll Be Loving You Again,0 days 00:03:16,5
I Want You,I Want You (Intro Jam),0 days 00:01:36,4
I Want You,After The Dance (Vocal),0 days 00:04:40,4
Places And Spaces,Change (Makes You Want To Hustle),0 days 00:05:07,4
Places And Spaces,Wind Parade,0 days 00:04:32,5
Places And Spaces,Dominoes,0 days 00:04:32,5
Places And Spaces,Places And Spaces,0 days 00:06:16,4
Places And Spaces,You And Music,0 days 00:05:18,4
Places And Spaces,Night Whistler,0 days 00:03:40,3
Places And Spaces,Just My Imagination,0 days 00:04:36,3
Troupeau Bleu,La Rue,0 days 00:04:23,4
Troupeau Bleu,Automne (Colchiques),0 days 00:02:35,3
Troupeau Bleu,L'Enfant Samba,0 days 00:03:00,4
Troupeau Bleu,Troupeau Bleu,0 days 00:05:00,5
Troupeau Bleu,Prelude A Go Round,0 days 00:03:52,5
Troupeau Bleu,Go Round,0 days 00:01:20,5
Troupeau Bleu,Chanson D'Un Jour D'hiver,0 days 00:05:20,4
Troupeau Bleu,Mary Et Jeff,0 days 00:02:40,3
Troupeau Bleu,Huit Octobre 1971,0 days 00:04:22,4
Troupeau Bleu,Sabbat (1re Partie),0 days 00:01:00,3
Troupeau Bleu,Sabbat (2e Partie),0 days 00:03:15,4
Troupeau Bleu,Sabbat (3e Partie),0 days 00:00:26,3
Troupeau Bleu,Madbass,0 days 00:02:50,2
Expensive Shit,Expensive Shit,0 days 00:13:07,4
Expensive Shit,Water No Get Enemy,0 days 00:11:02,5
Los Jaivas (El Indio),Pregon Para Iluminarse,0 days 00:05:15,5
Los Jaivas (El Indio),Guajira Cosmica,0 days 00:07:45,5
Los Jaivas (El Indio),La Conquistada,0 days 00:07:15,4
Los Jaivas (El Indio),Un Mar De Gente,0 days 00:04:06,5
Los Jaivas (El Indio),Un Dia De Tus Dias,0 days 00:03:10,5
Los Jaivas (El Indio),Tarka Y Ocarina,0 days 00:13:15,5
Lucky 7,Que Me Castigue Dios,0 days 00:05:55,4
Lucky 7,A Bailar Mi Bomba,0 days 00:05:00,3
Lucky 7,Te Voy A Tratar,0 days 00:03:38,3
Lucky 7,Estas Equivocada,0 days 00:05:57,4
Lucky 7,Fea,0 days 00:05:51,4
Lucky 7,Mi Desengaño,0 days 00:05:03,4
Lucky 7,La Hija De La Vecina,0 days 00:04:18,4
Lucky 7,Hoy Mi Día Triste,0 days 00:03:46,2
Lucky 7,La Mala Maña,0 days 00:04:55,3
Lucky 7,Me Le Fugué A La Candela,0 days 00:05:21,4
Unfinished Masterpiece,Un Puesto Vacante,0 days 00:03:56,3
Unfinished Masterpiece,Kinkamache,0 days 00:05:38,2
Unfinished Masterpiece,Oyelo Que Te Conviene,0 days 00:06:30,4
Unfinished Masterpiece,Cobarde,0 days 00:10:46,4
Unfinished Masterpiece,Random Thoughts,0 days 00:06:22,4
Unfinished Masterpiece,Resemblance,0 days 00:04:49,4
A Tábua De Esmeralda,Os Alquimistas Estão Chegando Os Alquimistas,0 days 00:03:16,4
A Tábua De Esmeralda,O Homem Da Gravata Florida,0 days 00:03:06,3
A Tábua De Esmeralda,Errare Humanum Est,0 days 00:04:55,4
A Tábua De Esmeralda,Menina Mulher Da Pele Preta,0 days 00:02:56,5
A Tábua De Esmeralda,Eu Vou Torcer,0 days 00:03:13,4
A Tábua De Esmeralda,Magnólia,0 days 00:03:13,5
A Tábua De Esmeralda,"Minha Teimosia, Uma Arma Pra Te Conquistar",0 days 00:02:43,5
A Tábua De Esmeralda,Zumbi,0 days 00:03:29,5
A Tábua De Esmeralda,Brother,0 days 00:02:54,2
A Tábua De Esmeralda,O Namorado Da Viúva,0 days 00:02:02,4
A Tábua De Esmeralda,Hermes Trismegisto E Sua Celeste Tábua De Esmeraldas,0 days 00:05:28,4
A Tábua De Esmeralda,Cinco Minutos (5 Minutos),0 days 00:02:57,3
Lo Mato,Señora Lola,0 days 00:03:23,4
Lo Mato,Todo Tiene Su Final,0 days 00:05:03,5
Lo Mato,La Maria,0 days 00:03:35,3
Lo Mato,Junio 73,0 days 00:07:10,5
Lo Mato,Calle Luna Calle Sol,0 days 00:03:48,4
Lo Mato,Vo So,0 days 00:04:25,3
Lo Mato,El Día De Mi Suerte,0 days 00:05:28,5
Lo Mato,Guajira Ven,0 days 00:04:08,3
Clube Da Esquina,Tudo Que Você Podia Ser,0 days 00:02:57,5
Clube Da Esquina,Cais,0 days 00:02:45,4
Clube Da Esquina,O Trem Azul,0 days 00:04:05,4
Clube Da Esquina,Saídas E Bandeiras Nᵒ 1,0 days 00:00:45,-1
Clube Da Esquina,Nuvem Cigana,0 days 00:02:59,5
Clube Da Esquina,Cravo E Canela,0 days 00:02:31,4
Clube Da Esquina,Dos Cruces,0 days 00:05:22,5
Clube Da Esquina,Um Girassol Da Cor De Seu Cabelo,0 days 00:04:12,5
Clube Da Esquina,San Vicente,0 days 00:02:46,4
Clube Da Esquina,Estrelas,0 days 00:00:28,-1
Clube Da Esquina,Clube Da Esquina Nº 2,0 days 00:03:38,5
Clube Da Esquina,Paisagem Da Janela,0 days 00:02:58,5
Clube Da Esquina,Me Deixa Em Paz,0 days 00:03:05,4
Clube Da Esquina,Os Povos,0 days 00:04:30,4
Clube Da Esquina,Saídas E Bandeiras Nᵒ 2,0 days 00:01:30,-1
Clube Da Esquina,Um Gosto De Sol,0 days 00:04:20,3
Clube Da Esquina,Pelo Amor De Deus,0 days 00:02:06,3
Clube Da Esquina,Lilia,0 days 00:02:33,5
Clube Da Esquina,Trem De Doido,0 days 00:03:58,5
Clube Da Esquina,Nada Será Como Antes,0 days 00:03:23,5
Clube Da Esquina,Ao Que Vai Nascer,0 days 00:03:20,4
Mateo Solo Bien Se Lame,Yulelé,0 days 00:02:50,3
Mateo Solo Bien Se Lame,Quien Te Viera,0 days 00:01:57,3
Mateo Solo Bien Se Lame,"Uh, Que Macana",0 days 00:02:20,2
Mateo Solo Bien Se Lame,De Nosotros Dos,0 days 00:03:15,3
Mateo Solo Bien Se Lame,Niña,0 days 00:02:33,3
Mateo Solo Bien Se Lame,Tras De Ti,0 days 00:04:00,2
Mateo Solo Bien Se Lame,¿Por Qué?,0 days 00:04:03,4
Mateo Solo Bien Se Lame,Jacinta,0 days 00:01:56,4
Mateo Solo Bien Se Lame,La Mama Vieja,0 days 00:02:20,3
Mateo Solo Bien Se Lame,Lala,0 days 00:02:47,4
Mateo Solo Bien Se Lame,La Chola,0 days 00:03:20,1
Mateo Solo Bien Se Lame,Esa Cosa,0 days 00:03:50,2
Mateo Solo Bien Se Lame,De Mi Pueblo,0 days 00:02:05,1
Mulatu of Ethiopia,Mulatu,0 days 00:05:00,3
Mulatu of Ethiopia,Mascaram Setaba,0 days 00:02:40,3
Mulatu of Ethiopia,Dewel,0 days 00:04:00,3
Mulatu of Ethiopia,Kulunmanqueleshi,0 days 00:02:05,2
Mulatu of Ethiopia,Kasalefkut-Hulu,0 days 00:02:25,4
Mulatu of Ethiopia,Munaye,0 days 00:03:15,4
Mulatu of Ethiopia,Chifara,0 days 00:07:00,5
The Awakening,The Awakening,0 days 00:06:19,4
The Awakening,I Love Music,0 days 00:07:19,5
The Awakening,Patterns,0 days 00:06:19,3
The Awakening,Dolphin Dance,0 days 00:05:05,4
The Awakening,You're My Everything,0 days 00:04:40,2
The Awakening,Stolen Moments,0 days 00:06:27,3
The Awakening,Wave,0 days 00:04:25,2
Almendra,Muchacha (Ojos De Papel),0 days 00:03:07,5
Almendra,Color Humano,0 days 00:09:12,4
Almendra,Figuración,0 days 00:03:22,3
Almendra,Ana No Duerme,0 days 00:02:44,3
Almendra,Fermin,0 days 00:03:19,3
Almendra,Plegaria Para Un Niño Dormido,0 days 00:04:04,5
Almendra,A Estos Hombres Tristes,0 days 00:05:59,5
Almendra,Que El Viento Borró Tus Manos,0 days 00:02:37,3
Almendra,Laura Va,0 days 00:02:48,4
Hosianna Mantra,Ah!,0 days 00:04:46,3
Hosianna Mantra,Kyrie,0 days 00:05:23,4
Hosianna Mantra,Hosianna-Mantra,0 days 00:10:11,4
Hosianna Mantra,Abschied,0 days 00:03:14,4
Hosianna Mantra,Segnung,0 days 00:06:07,5
Hosianna Mantra,Andacht (Pt. 1),0 days 00:00:47,-1
Hosianna Mantra,Nicht Hoch Im Himmel,0 days 00:06:18,5
Hosianna Mantra,Andacht (Pt. 2),0 days 00:00:46,-1
Hosianna Mantra,Maria (Ave Maria),0 days 00:04:29,3
Gal Costa,Não Identificado,0 days 00:03:15,3
Gal Costa,Sebastiana,0 days 00:02:26,3
Gal Costa,Lost In The Paradise,0 days 00:02:50,2
Gal Costa,Namorinho De Portão,0 days 00:02:33,3
Gal Costa,Saudosismo,0 days 00:03:11,4
Gal Costa,Se Você Pensa,0 days 00:03:17,2
Gal Costa,Vou Recomeçar,0 days 00:03:25,3
Gal Costa,"Divino, Maravilhoso",0 days 00:04:23,4
Gal Costa,Que Pena (Ela Já Não Gosta Mais De Mim),0 days 00:03:45,5
Gal Costa,Baby,0 days 00:03:30,4
Gal Costa,A Coisa Mais Linda Que Existe,0 days 00:04:02,3
Gal Costa,Deus É O Amor,0 days 00:02:57,4
The Doors,Break On Through (To The Other Side),0 days 00:02:25,3
The Doors,Soul Kitchen,0 days 00:03:33,5
The Doors,The Crystal Ship,0 days 00:02:32,3
The Doors,Twentieth Century Fox,0 days 00:02:31,3
The Doors,Alabama Song (Whisky Bar),0 days 00:03:17,4
The Doors,Light My Fire,0 days 00:07:09,5
The Doors,Back Door Man,0 days 00:03:32,4
The Doors,I Looked At You,0 days 00:02:20,3
The Doors,End Of The Night,0 days 00:02:50,2
The Doors,Take It As It Comes,0 days 00:02:14,4
The Doors,The End,0 days 00:11:43,3
Samba Esquema Novo,"Mas, Que Nada!",0 days 00:03:02,4
Samba Esquema Novo,Tim Dom Dom,0 days 00:02:21,4
Samba Esquema Novo,Balança Pema,0 days 00:01:29,5
Samba Esquema Novo,Vem Morena,0 days 00:01:59,4
Samba Esquema Novo,Chove Chuva,0 days 00:03:06,5
Samba Esquema Novo,É Só Sambar,0 days 00:02:06,5
Samba Esquema Novo,"Rosa, Menina Rosa",0 days 00:02:15,4
Samba Esquema Novo,Quero Esquecer Você,0 days 00:02:22,4
Samba Esquema Novo,Uála Uálalá,0 days 00:02:08,3
Samba Esquema Novo,A Tamba,0 days 00:03:04,3
Samba Esquema Novo,Menina Bonita Não Chora,0 days 00:02:07,4
Samba Esquema Novo,Por Causa De Você,0 days 00:02:47,4
Chavela Vargas,No Volvere,0 days 00:03:37,4
Chavela Vargas,Desdeñosa,0 days 00:03:16,3
Chavela Vargas,La Llorona,0 days 00:05:25,4
Chavela Vargas,La Nina Isabel,0 days 00:02:58,3
Chavela Vargas,Rayando El Sol,0 days 00:02:24,2
Chavela Vargas,El Dia Que Me Dijiste,0 days 00:03:08,4
Chavela Vargas,Manzanita,0 days 00:03:50,2
Chavela Vargas,Un Mundo Raro,0 days 00:03:17,3
Chavela Vargas,Paloma Negra,0 days 00:03:19,5
Chavela Vargas,Golondrina Viajera,0 days 00:03:19,3
Chavela Vargas,La Churrasca,0 days 00:02:36,3
Chavela Vargas,Adios Paloma,0 days 00:03:15,4
